id_str,created_at,full_text,truncated,user.screen_name,user.followers_count,user.friends_count,retweeted
1282291265661472771,2020-07-12 12:30:36+00:00,"No, Radical Left anarchists, agitators, looters or protesters will not be knocking down or harming the Washington Monument, the Lincoln or Jefferson Memorials, or just about any other Federal Monumrnt or Statue. If they even try, an automatic 10 years in prison. Sorry!",False,realDonaldTrump,83290635,46,False
1282288813075771392,2020-07-12 12:20:51+00:00,"Thank you to J.R. Majewski, a great Air Force Veteran and Trump Supporter who did a beautiful job of turning his lawn into a giant Trump Sign. Thanks also to your fantastic Ohio neighbors. We are making record progress on JOBS, etc. Big Silent Majority!!! @foxandfriends",False,realDonaldTrump,83290635,46,False
1282286510390288384,2020-07-12 12:11:42+00:00,"...rounds, no problem. When I play, Fake News CNN, and others, park themselves anywhere they can to get a picture, then scream ‚ÄúPresident Trump is playing golf.‚Äù Actually, I play VERY fast, get a lot of work done on the golf course, and also get a ‚Äútiny‚Äù bit of exercise. Not bad!",False,realDonaldTrump,83290635,46,False
1282286508716756993,2020-07-12 12:11:42+00:00,"I know many in business and politics that work out endlessly, in some cases to a point of exhaustion. It is their number one passion in life, but nobody complains. My ‚Äúexercise‚Äù is playing, almost never during the week, a quick round of golf. Obama played more and much longer....",False,realDonaldTrump,83290635,46,False
1282281745585504265,2020-07-12 11:52:46+00:00,"We have now built 240 Miles of new Border Wall on our Southern Border. We will have over 450 Miles built by the end of the year. Have established some of the best Border Numbers ever. The Radical Left Democrats want Open Borders for anyone, including many criminals, to come in!",False,realDonaldTrump,83290635,46,False
1282281466450391040,2020-07-12 11:51:39+00:00,"RT @TeamTrump: President @realDonaldTrump visits Walter Reed National Military Medical Center

https://t.co/dHMRUM5J5a",False,realDonaldTrump,83290635,46,False
1282281370958651393,2020-07-12 11:51:17+00:00,RT @MariaBartiromo: Mask Looks good!  ‚Å¶@POTUS‚Å© ‚Å¶@realDonaldTrump‚Å© We'll talk about it tomorrow 10am et ‚Å¶@SundayFutures‚Å© ‚Å¶@FoxNews‚Å©  https:/‚Ä¶,False,realDonaldTrump,83290635,46,False
1282281237898559488,2020-07-12 11:50:45+00:00,"RT @WhiteHouse: President @realDonaldTrump is a champion for the American worker.

Under his leadership, Hispanic unemployment reached a re‚Ä¶",False,realDonaldTrump,83290635,46,False
1282281172131819520,2020-07-12 11:50:29+00:00,RT @WhiteHouse: President @realDonaldTrump took action this week to help every member of America‚Äôs proud Hispanic community unlock the Amer‚Ä¶,False,realDonaldTrump,83290635,46,False
1282278706111709188,2020-07-12 11:40:41+00:00,RT @greta: Watch ( DVR)  Full Court Press tomorrow/ Sunday - ‚Å¶@realDonaldTrump‚Å© is my guest - for what time where you live go to https://t.‚Ä¶,False,realDonaldTrump,83290635,46,False
1282276752090431490,2020-07-12 11:32:55+00:00,"I disagreed with doing this very small (tiny) section of wall, in a tricky area, by a private group which raised money by ads. It was only done to make me look bad, and perhsps it now doesn‚Äôt even work. Should have been built like rest of Wall, 500 plus miles. https://t.co/L8RUPCAhqc",False,realDonaldTrump,83290635,46,False
1282155171909435393,2020-07-12 03:29:48+00:00,"Do RINO‚ÄôS Pat Toomey &amp; Mitt Romney have any problem with the fact that we caught Obama, Biden, &amp; Company illegally spying on my campaign? Do they care if Comey, McCabe, Page &amp; her lover, Peter S, the whole group, ran rampant, wild &amp; unchecked - lying &amp; leaking all the way? NO!",False,realDonaldTrump,83290635,46,False
1282129696382234625,2020-07-12 01:48:35+00:00,"Does anyone notice that the real Polls, as opposed to the Fake Suppression Polls also used in 2016, are starting to define Sleepy Joe Biden as someone totally ill-equipped to control the Radical Left, Crime, Cancel Culture, or to even come close to me on REBUILDING THE ECONOMY?",False,realDonaldTrump,83290635,46,False
1282113922523435008,2020-07-12 00:45:54+00:00,2016? HERE WE GO AGAIN!,False,realDonaldTrump,83290635,46,False
1282104681154609152,2020-07-12 00:09:10+00:00,What an INCREDIBLE opening by @JesseBWatters. I will put it up later for everyone to see!,False,realDonaldTrump,83290635,46,False
1282022963987054592,2020-07-11 18:44:28+00:00,"RT @GreggJarrett: Pelosi Shrugs Off Mobs, ‚ÄòPeople Will Do What They Do‚Äô Tells Young People Everything We Do is ‚ÄòAbout You‚Äô https://t.co/WVS‚Ä¶",False,realDonaldTrump,83290635,46,False
1282022835867791361,2020-07-11 18:43:57+00:00,"RT @GreggJarrett: Trump right to commute Roger Stone‚Äôs sentence ‚Äì Stone committed no crime, was framed by Mueller https://t.co/ROoXIMUh6w",False,realDonaldTrump,83290635,46,False
1282022791857025025,2020-07-11 18:43:47+00:00,RT @GreggJarrett: Biased anti-Flynn rogue judge exceeds authority by refusing to dismiss wrongful charges https://t.co/rPVJHXxLba,False,realDonaldTrump,83290635,46,False
1282022576441700356,2020-07-11 18:42:55+00:00,RT @TVNewsHQ: Fox News‚Äô @GreggJarrett on President Trump‚Äôs commutation of Roger Stone sentence: ‚ÄúA courageous move.. it was an unjust sente‚Ä¶,False,realDonaldTrump,83290635,46,False
1281940302782136320,2020-07-11 13:16:00+00:00,RT @realDonaldTrump: President Trump Approval Rating in the Republican Party at 96%. Thank You!,False,realDonaldTrump,83290635,46,False
1281940128550858752,2020-07-11 13:15:18+00:00,RT @realDonaldTrump: ....Absentee Ballots are fine because you have to go through a precise process to get your voting privilege. Not so wi‚Ä¶,False,realDonaldTrump,83290635,46,False
1281940084460343298,2020-07-11 13:15:08+00:00,"RT @realDonaldTrump: Mail-In Ballot fraud found in many elections. People are just now seeing how bad, dishonest and slow it is. Election r‚Ä¶",False,realDonaldTrump,83290635,46,False
1281939972258439169,2020-07-11 13:14:41+00:00,"RT @realDonaldTrump: Too many Universities and School Systems are about Radical Left Indoctrination, not Education. Therefore, I am telling‚Ä¶",False,realDonaldTrump,83290635,46,False
1281939961860829184,2020-07-11 13:14:38+00:00,"RT @realDonaldTrump: ... and/or Funding, which will be taken away if this Propaganda or Act Against Public Policy continues. Our children m‚Ä¶",False,realDonaldTrump,83290635,46,False
1281939533735624704,2020-07-11 13:12:56+00:00,RT @realDonaldTrump: I LOVE @GoyaFoods!,False,realDonaldTrump,83290635,46,False
1281939356823977984,2020-07-11 13:12:14+00:00,"RT @realDonaldTrump: ‚ÄúJoe Biden, a little out of it, let‚Äôs face it, so he is the perfect vessel, an empty vessel, to transform the Country.‚Ä¶",False,realDonaldTrump,83290635,46,False
1281939232802713601,2020-07-11 13:11:45+00:00,"RT @realDonaldTrump: Congratulations to @seanhannity on a big night, as usual!",False,realDonaldTrump,83290635,46,False
1281932578048614402,2020-07-11 12:45:18+00:00,"New documents just released reveal General Flynn was telling the truth, and the FBI knew it! @OANN",False,realDonaldTrump,83290635,46,False
1281930300960976897,2020-07-11 12:36:15+00:00,"Big Senate Race in Alabama on Tuesday. Vote for @TTuberville, he is a winner who will never let you down. Jeff Sessions is a disaster who has let us all down. We don‚Äôt want him back in Washington!",False,realDonaldTrump,83290635,46,False
1281928796501942272,2020-07-11 12:30:16+00:00,"RT @realDonaldTrump: At the request of Congressman Moolenaar, I have approved a major Disaster Declaration to provide more than $43 million‚Ä¶",False,realDonaldTrump,83290635,46,False
1281928645360091136,2020-07-11 12:29:40+00:00,"RT @realDonaldTrump: The great @LouDobbs has a very important new book coming out shortly. ‚ÄúThe Trump Century, How Our President Changed th‚Ä¶",False,realDonaldTrump,83290636,46,False
1281928462702436353,2020-07-11 12:28:57+00:00,"RT @realDonaldTrump: Now that we have witnessed it on a large scale basis, and firsthand, Virtual Learning has proven to be TERRIBLE compar‚Ä¶",False,realDonaldTrump,83290636,46,False
1281928087324721154,2020-07-11 12:27:27+00:00,Bring back Steele!!! https://t.co/jL5c8WF28Z,False,realDonaldTrump,83290636,46,False
1281927855782400011,2020-07-11 12:26:32+00:00,"RT @jsolomonReports: Breaking: British court rules against Christopher Steele, orders damages paid to businessmen named in dossier | Just T‚Ä¶",False,realDonaldTrump,83290636,46,False
1281927670637432834,2020-07-11 12:25:48+00:00,So cute! https://t.co/L5spCDYiyg,False,realDonaldTrump,83290636,46,False
1281927502072553474,2020-07-11 12:25:08+00:00,"RT @jsolomonReports: Florida Democratic Party to return $780,000 in coronavirus aid money, after bipartisan backlash | Just The News https:‚Ä¶",False,realDonaldTrump,83290636,46,False
1281927265589309441,2020-07-11 12:24:11+00:00,"Roger Stone was targeted by an illegal Witch Hunt that never should have taken place. It is the other side that are criminals, including Biden and Obama, who spied on my campaign - AND GOT CAUGHT!",False,realDonaldTrump,83290636,46,False
1281924965365882880,2020-07-11 12:15:03+00:00,"RT @jsolomonReports: Trump topped Biden in 2020 primary vote turnout in key swing states like Florida, Ohio | Just The News https://t.co/R4‚Ä¶",False,realDonaldTrump,83290636,46,False
1281924877986013185,2020-07-11 12:14:42+00:00,RT @jsolomonReports: CDC director says closed schools pose larger public health risk for kids than reopening | Just The News https://t.co/j‚Ä¶,False,realDonaldTrump,83290636,46,False
1281924719034413057,2020-07-11 12:14:04+00:00,RT @jsolomonReports: Ever have a question about Russiagate you wanted to ask me? Here‚Äôs a chance to join a VIP Q&amp;A session and hear the ins‚Ä¶,False,realDonaldTrump,83290636,46,False
1281924562570088450,2020-07-11 12:13:27+00:00,RT @jsolomonReports: ‚ÄòHaving the schools actually closed is a greater public health threat to the children than having the schools reopen.‚Äô‚Ä¶,False,realDonaldTrump,83290636,46,False
1281924439748349962,2020-07-11 12:12:58+00:00,That shouldn‚Äôt be hard. Corrupt Joe has done nothing good for Black people! https://t.co/R4r0svuT4u,False,realDonaldTrump,83290636,46,False
1281923845222522880,2020-07-11 12:10:36+00:00,"John, among others, should have gotten a Pulitzer for exposing Russia, Russia, Russia as Fake News. He was right. The ‚Äújournalists‚Äù who got them were all WRONG. Take back the Pulitzers, which have become a JOKE! https://t.co/m4bHAbiLrp",False,realDonaldTrump,83290636,46,False
1281922216876224513,2020-07-11 12:04:08+00:00,"This was just another phony hit job by the @nytimes. They had no source, they made it up. FAKE NEWS! https://t.co/fXsiQMjZFi",False,realDonaldTrump,83290636,46,False
1281921247950131200,2020-07-11 12:00:17+00:00,"This man should be extradited, tried, and thrown into jail. A sick lier who was paid by Crooked Hillary &amp; the DNC! https://t.co/ywMBeAgaGz",False,realDonaldTrump,83290636,46,False
1281919692123316224,2020-07-11 11:54:06+00:00,Congratulations to A.G. Barr. Law &amp; Order! https://t.co/gSOTxyEloj,False,realDonaldTrump,83290636,46,False
1281919206116798465,2020-07-11 11:52:10+00:00,RT @jsolomonReports: Breaking: White House warns Railroad Retirement Board that its Chinese investments pose national security risk | Just‚Ä¶,False,realDonaldTrump,83290636,46,False
1281919097110966315,2020-07-11 11:51:44+00:00,"RT @jsolomonReports: Cotton says Trump is right to consider TikTok ban, argues it‚Äôs a ‚Äòthreat‚Äô to privacy | Just The News https://t.co/6pZQ‚Ä¶",False,realDonaldTrump,83290636,46,False
1281789363681136640,2020-07-11 03:16:13+00:00,RT @DailyCaller: FARRELL: Samantha Power‚Äôs Massive Unmasking Effort https://t.co/V3bHrLA8ZE,False,realDonaldTrump,83290636,46,False
1281789293736984577,2020-07-11 03:15:56+00:00,"RT @DailyCaller: Legendary Notre Dame Football Coach Lou Holtz Defends ‚ÄòFighting Irish‚Äô, Says Name Originated When ND Fought The KKK https:‚Ä¶",False,realDonaldTrump,83290636,46,False
1281789209884479490,2020-07-11 03:15:36+00:00,RT @DailyCaller: ‚ÄòOffensive Nonsense‚Äô: Josh Hawley Demands Answers From NBA Over Relationship With China https://t.co/MrGC3ACwv6,False,realDonaldTrump,83290636,46,False
1281788827099693056,2020-07-11 03:14:05+00:00,RT @DailyCaller: Elusive Government Memo Shows FBI Did Not Think Michael Flynn Intentionally Lied https://t.co/xN6ljjDoTV,False,realDonaldTrump,83290636,46,False
1281788588166991872,2020-07-11 03:13:08+00:00,RT @DailyCaller: ‚ÄòI‚Äôm Not Apologizing‚Äô: Goya Foods CEO Refuses To Apologize For Pro-Trump Remarks https://t.co/VW8kLFoOSz,False,realDonaldTrump,83290636,46,False
1281787531785371649,2020-07-11 03:08:56+00:00,"RT @DailyCaller: Trumps Wants Schools To Reopen, And Teachers Unions Are Pushing Back. What Do Parents Want? https://t.co/hJpg8PafFx",False,realDonaldTrump,83290636,46,False
1281781028558962689,2020-07-11 02:43:06+00:00,RT @marcorubio: When I began to demand sanctions on #MaduroRegime back in 2014 the Obama/Biden administration fought me every step of the w‚Ä¶,False,realDonaldTrump,83290636,46,False
1281780681379586053,2020-07-11 02:41:43+00:00,RT @marcorubio: Back in 2014 while the #MaduroRegime was rounding up student protestors for torture &amp; extrajudicial detention the Obama/Bid‚Ä¶,False,realDonaldTrump,83290636,46,False
1281761719552036867,2020-07-11 01:26:22+00:00,"Congratulations to @seanhannity on a big night, as usual! https://t.co/vS6dQpk3L1",False,realDonaldTrump,83290636,46,False
1281760079558184960,2020-07-11 01:19:51+00:00,RT @TVNewsHQ: Watch: Fox News‚Äô @JesseBWatters compares Joe Biden to an erratic driver: ‚ÄúJust along for the ride: No sense of direction... w‚Ä¶,False,realDonaldTrump,83290636,46,False
1281757895860740096,2020-07-11 01:11:10+00:00,"‚ÄúJoe Biden, a little out of it, let‚Äôs face it, so he is the perfect vessel, an empty vessel, to transform the Country.‚Äù @TuckerCarlson  @FoxNews ‚ÄúDestroying your dreams and ending your life.‚Äù  Ned Ryan",False,realDonaldTrump,83290636,46,False
1281741630383353856,2020-07-11 00:06:32+00:00,"RT @ShannonBream: BREAKING:  POTUS commutes Roger Stone's sentence. 
 From WH:  ""Roger Stone has already suffered greatly.  He was treated‚Ä¶",False,realDonaldTrump,83290636,46,False
1281731565278515202,2020-07-10 23:26:33+00:00,I LOVE @GoyaFoods!,False,realDonaldTrump,83290635,46,False
1281680644288974859,2020-07-10 20:04:12+00:00,"RT @Southcom: ‚ÄúI‚Äôm proud to say the efforts are making a difference, Mr. President, &amp; they‚Äôre saving lives.‚Äù

#SOUTHCOM‚Äôs Adm. Craig Faller‚Ä¶",False,realDonaldTrump,83290635,46,False
1281680566182715393,2020-07-10 20:03:54+00:00,"RT @Southcom: ‚ÄúWe‚Äôve had 15% more disruptions -- that‚Äôs detainees, that‚Äôs drugs off the street‚Ä¶ 122 metric tons.‚Äù

#SOUTHCOM‚Äôs Adm. Craig F‚Ä¶",False,realDonaldTrump,83290635,46,False
1281680298326073344,2020-07-10 20:02:50+00:00,RT @WhiteHouse: This Administration is committed to dismantling the criminal cartels that have been responsible for the deaths of thousands‚Ä¶,False,realDonaldTrump,83290635,46,False
1281680267703459846,2020-07-10 20:02:42+00:00,RT @WhiteHouse: President Trump is at @Southcom for an update on efforts to combat the flow of illegal drugs across the Western Hemisphere.‚Ä¶,False,realDonaldTrump,83290635,46,False
1281637188850143232,2020-07-10 17:11:32+00:00,RT @WhiteHouse: LIVE: President @realDonaldTrump receives a briefing at @Southcom https://t.co/x5yovjfTMT,False,realDonaldTrump,83290635,46,False
1281637140951109632,2020-07-10 17:11:20+00:00,"With Tropical Storm Fay heading towards the Great State of New Hampshire this weekend, we are forced to reschedule our Portsmouth, New Hampshire Rally at the Portsmouth International Airport at Pease. Stay safe, we will be there soon! #MAGA2020",False,realDonaldTrump,83290635,46,False
1281626706349088770,2020-07-10 16:29:52+00:00,"RT @DHS_Wolf: We will always prevail. God Bless America!
https://t.co/n9HoKu5qaw",False,realDonaldTrump,83290635,46,False
1281616590060965888,2020-07-10 15:49:41+00:00,"... and/or Funding, which will be taken away if this Propaganda or Act Against Public Policy continues. Our children must be Educated, not Indoctrinated!",False,realDonaldTrump,83290635,46,False
1281616586273468416,2020-07-10 15:49:40+00:00,"Too many Universities and School Systems are about Radical Left Indoctrination, not Education. Therefore, I am telling the Treasury Department to re-examine their Tax-Exempt Status...",False,realDonaldTrump,83290635,46,False
1281603566071771136,2020-07-10 14:57:55+00:00,On my way to U.S. Southern Command (@Southcom) in the Great State of Florida! https://t.co/I01MoT1EEY,False,realDonaldTrump,83290635,46,False
1281556766086574080,2020-07-10 11:51:57+00:00,"‚ÄúDon‚Äôt throw the American story into the river, don‚Äôt throw it into the lake. Be proud of it.‚Äù @kilmeade @foxandfriends",False,realDonaldTrump,83290635,46,False
1281556758457188352,2020-07-10 11:51:56+00:00,....Absentee Ballots are fine because you have to go through a precise process to get your voting privilege. Not so with Mail-Ins. Rigged Election!!! 20% fraudulent ballots?,False,realDonaldTrump,83290635,46,False
1281556745211523072,2020-07-10 11:51:52+00:00,"Mail-In Ballot fraud found in many elections. People are just now seeing how bad, dishonest and slow it is. Election results could be delayed for months. No more big election night answers? 1% not even counted in 2016. Ridiculous! Just a formula for RIGGING an Election....",False,realDonaldTrump,83290635,46,False
1281554521748119553,2020-07-10 11:43:02+00:00,Get it done or the Federal Government will come in and get it done for you! https://t.co/1BLKlJS0Ie,False,realDonaldTrump,83290635,46,False
1281554061972692994,2020-07-10 11:41:13+00:00,"Now that we have witnessed it on a large scale basis, and firsthand, Virtual Learning has proven to be TERRIBLE compared to In School, or On Campus, Learning. Not even close! Schools must be open in the Fall. If not open, why would the Federal Government give Funding? It won‚Äôt!!!",False,realDonaldTrump,83290636,46,False
1281552520612057088,2020-07-10 11:35:05+00:00,"The great @LouDobbs has a very important new book coming out shortly. ‚ÄúThe Trump Century, How Our President Changed the Course Of History Forever‚Äù, looks like it will be a big bestseller. Make it Number 1 for Lou. Pre-Order now at https://t.co/ytLH14Thkr  A great honor, Lou!",False,realDonaldTrump,83290636,46,False
1281449591116890112,2020-07-10 04:46:05+00:00,RT @ScottAdamsSays: Which side ignored this story? Hmmm. Trump signs executive order expanding educational and economic opportunities to Hi‚Ä¶,False,realDonaldTrump,83290636,46,False
1281447465774919680,2020-07-10 04:37:38+00:00,President Trump Approval Rating in the Republican Party at 96%. Thank You!,False,realDonaldTrump,83290636,46,False
1281355449523146752,2020-07-09 22:32:00+00:00,"At the request of Congressman Moolenaar, I have approved a major Disaster Declaration to provide more than $43 million in Federal Funds to help the people of the GREAT State of Michigan recover from the recent dam break flooding. I will always stand with Michigan!",False,realDonaldTrump,83290636,46,False
1281354809807970305,2020-07-09 22:29:27+00:00,"RT @WhiteHouse: ""The executive order I will sign in a few moments will expand our efforts across all of federal government to deliver educa‚Ä¶",False,realDonaldTrump,83290636,46,False
1281260329247399936,2020-07-09 16:14:01+00:00,POLITICAL WITCH HUNT!,False,realDonaldTrump,83290636,46,False
1281250568342769665,2020-07-09 15:35:14+00:00,"....for another President. This is about PROSECUTORIAL MISCONDUCT. We catch the other side SPYING on my campaign, the biggest political crime and scandal in U.S. history, and NOTHING HAPPENS. But despite this, I have done more than any President in history in first 3 1/2 years!",False,realDonaldTrump,83290636,46,False
1281250567373967360,2020-07-09 15:35:14+00:00,"...Won all against the Federal Government and the Democrats send everything to politically corrupt New York, which is falling apart with everyone leaving, to give it a second, third and fourth try. Now the Supreme Court gives a delay ruling that they would never have given...",False,realDonaldTrump,83290636,46,False
1281250566199541761,2020-07-09 15:35:14+00:00,"....No Republican Senate Judiciary response, NO ‚ÄúJUSTICE‚Äù, NO FBI, NO NOTHING. Major horror show REPORTS on Comey &amp; McCabe, guilty as hell, nothing happens. Catch Obama &amp; Biden cold, nothing. A 3 year, $45,000,000 Mueller HOAX, failed - investigated everything....",False,realDonaldTrump,83290636,46,False
1281250565163532288,2020-07-09 15:35:13+00:00,"We have a totally corrupt previous Administration, including a President and Vice President who spied on my campaign, AND GOT CAUGHT...and nothing happens to them. This crime was taking place even before my election, everyone knows it, and yet all are frozen stiff with fear....",False,realDonaldTrump,83290636,46,False
1281236412667432961,2020-07-09 14:38:59+00:00,Courts in the past have given ‚Äúbroad deference‚Äù. BUT NOT ME!,False,realDonaldTrump,83290636,46,False
1281236214646034432,2020-07-09 14:38:12+00:00,"The Supreme Court sends case back to Lower Court, arguments to continue. This is all a political prosecution. I won the Mueller Witch Hunt, and others, and now I have to keep fighting in a politically corrupt New York. Not fair to this Presidency or Administration!",False,realDonaldTrump,83290636,46,False
1281209215953113098,2020-07-09 12:50:55+00:00,"‚ÄúWe know what took place. We have already seen criminality. What is happening? Biggest political scandal of our time.‚Äù @MariaBartiromo You are 100% correct, Maria, it is a disgrace that nothing happens. Obama and Biden spied on my campaign, AND GOT CAUGHT...BUT NOTHING!",False,realDonaldTrump,83290636,46,False
1281206354334625793,2020-07-09 12:39:33+00:00,"For the 1/100th time, the reason we show so many Cases, compared to other countries that haven‚Äôt done nearly as well as we have, is that our TESTING is much bigger and better. We have tested 40,000,000 people. If we did 20,000,000 instead, Cases would be half, etc. NOT REPORTED!",False,realDonaldTrump,83290636,46,False
1281193507051515905,2020-07-09 11:48:30+00:00,"RT @DanScavino: President Trump arrives in Guilford, Maine! #MAGA2020üá∫üá∏ https://t.co/dTC24vzNgX",False,realDonaldTrump,83290635,46,False
1281071891307016192,2020-07-09 03:45:14+00:00,RT @realDonaldTrump: Economy and Jobs are growing MUCH faster than anyone (except me!) expected. Job growth is biggest in history. China Vi‚Ä¶,False,realDonaldTrump,83290635,46,False
1281071885887975424,2020-07-09 03:45:13+00:00,"THANK YOU! #MAGA2020 
https://t.co/Eecj1gGGHS",False,realDonaldTrump,83290635,46,False
1281071779386187777,2020-07-09 03:44:48+00:00,"RT @realDonaldTrump: In Germany, Denmark, Norway,  Sweden and many other countries, SCHOOLS ARE OPEN WITH NO PROBLEMS. The Dems think it wo‚Ä¶",False,realDonaldTrump,83290635,46,False
1280978927532548097,2020-07-08 21:35:50+00:00,"RT @WhiteHouse: ""With this signing, we pledge a close and continued friendship between the United States and Mexico."" üá∫üá∏ üá≤üáΩ https://t.co/m3‚Ä¶",False,realDonaldTrump,83290635,46,False
1280978909815869443,2020-07-08 21:35:46+00:00,"RT @WhiteHouse: President @realDonaldTrump welcomes President @lopezobrador_ to the White House! üá∫üá∏ üá≤üáΩ 

""We're truly moved that you chose‚Ä¶",False,realDonaldTrump,83290635,46,False
1280963259043102720,2020-07-08 20:33:34+00:00,RT @WhiteHouse: LIVE: President @realDonaldTrump signs joint declaration with President @lopezobrador_ https://t.co/it0nN1iEo2,False,realDonaldTrump,83290635,46,False
1280896789940494343,2020-07-08 16:09:27+00:00,"Congratulations to Jeff @VanDrewForNJ on a Great Primary run, and big VICTORY against a very tough opponent! #MAGA2020 https://t.co/5bBZwQkGmv",False,realDonaldTrump,83290635,46,False
1280861869507567616,2020-07-08 13:50:41+00:00,"Economy and Jobs are growing MUCH faster than anyone (except me!) expected. Job growth is biggest in history. China Virus Mortality Rate is among the LOWEST of any country. Shaping up for a good third quarter, and a great next year! NASDAQ at new record high, 401k‚Äôs way up!!!!",False,realDonaldTrump,83290635,46,False
1280857657365200902,2020-07-08 13:33:57+00:00,"I disagree with @CDCgov on their very tough &amp; expensive guidelines for opening schools. While they want them open, they are asking schools to do very impractical things. I will be meeting with them!!!",False,realDonaldTrump,83290635,46,False
1280853299600789505,2020-07-08 13:16:38+00:00,"In Germany, Denmark, Norway,  Sweden and many other countries, SCHOOLS ARE OPEN WITH NO PROBLEMS. The Dems think it would be bad for them politically if U.S. schools open before the November Election, but is important for the children &amp; families. May cut off funding if not open!",False,realDonaldTrump,83290635,46,False
1280649677894037509,2020-07-07 23:47:31+00:00,"We will miss GREAT Country Rocker, Charlie Daniels, who passed away yesterday in Hermitage, Tennessee. My condolences to his wife Hazel, and their family. Charlie is in my thoughts and prayers. I love his music! #RIPCharlieDaniels",False,realDonaldTrump,83290635,46,False
1280484878744793090,2020-07-07 12:52:40+00:00,"‚ÄúCOVID-19 (China Virus) Death Rate PLUNGES From Peak In U.S.‚Äù A Tenfold Decrease In Mortality. The Washington Times @WashTimes  Valerie Richardson.  We have the lowest Mortality Rate in the World. The Fake News should be reporting these most important of facts, but they don‚Äôt!",False,realDonaldTrump,83290635,46,False
1280384628453498880,2020-07-07 06:14:18+00:00,"RT @TrumpStudents: ABSOLUTELY PACKED HOUSE 

for @mattgaetz and @RichardGrenell‚Äôs speech today leading up to @DonaldJTrumpJr, @kimguilfoyle‚Ä¶",False,realDonaldTrump,83290635,46,False
1280383987068829696,2020-07-07 06:11:45+00:00,"RT @FogCityMidge: Joe Biden won‚Äôt make an HONEST campaign ad. So I did it for him! ü§£üî•
@realDonaldTrump @JoeBiden https://t.co/TK6R0rFHK8",False,realDonaldTrump,83290635,46,False
1280332215285579776,2020-07-07 02:46:02+00:00,‚ÄúPresident Trump champions American greatness in his Mount Rushmore speech.‚Äù @seanhannity @FoxNews,False,realDonaldTrump,83290635,46,False
1280328830218051584,2020-07-07 02:32:35+00:00,"The highly respected Henry Ford Health System just reported, based on a large sampling, that HYDROXYCHLOROQUINE cut the death rate in certain sick patients very significantly. The Dems disparaged it for political reasons (me!). Disgraceful. Act now @US_FDA @TuckerCarlson @FoxNews",False,realDonaldTrump,83290635,46,False
1280320684204404737,2020-07-07 02:00:12+00:00,"Wall is moving fast in Texas, Arizona, New Mexico and California. Great numbers at the Southern Border. Dems want people to just flow in. They want very dangerous open Borders! https://t.co/gGuYzpTa9t",False,realDonaldTrump,83290635,46,False
1280234504985157637,2020-07-06 20:17:46+00:00,"Why does the Lamestream Fake News Media REFUSE to say that China Virus deaths are down 39%, and that we now have the lowest Fatality (Mortality) Rate in the World. They just can‚Äôt stand that we are doing so well for our Country!",False,realDonaldTrump,83290635,46,False
1280232979781111808,2020-07-06 20:11:42+00:00,"Corrupt Joe Biden and the Democrats don‚Äôt want to open schools in the Fall for political reasons, not for health reasons! They think it will help them in November. Wrong, the people get it!",False,realDonaldTrump,83290635,46,False
1280210947014119424,2020-07-06 18:44:09+00:00,"The Democrats would not have BANNED travel from heavily infected China, especially so early, therefore, far more people would have died. Corrupt Joe Biden now admits this!!!",False,realDonaldTrump,83290635,46,False
1280209946085339136,2020-07-06 18:40:10+00:00,SCHOOLS MUST OPEN IN THE FALL!!!,False,realDonaldTrump,83290635,46,False
1280209143975084032,2020-07-06 18:36:59+00:00,"...of 2,541 patients hospitalized between March 10 and May 2, 2020 across the system‚Äôs six hospitals, the study found 13% of those treated with hydroxychloroquine alone died compared to 26.4% not treated with hydroxychloroquine.‚Äù @HenryFordNews",False,realDonaldTrump,83290635,46,False
1280209143127773184,2020-07-06 18:36:59+00:00,"‚ÄúTreatment with hydroxychloroquine cut the death rate significantly in sick patients hospitalized with COVID-19 ‚Äì and without heart-related side-effects, according to a new study published by Henry Ford Health System. In a large-scale retrospective analysis...",False,realDonaldTrump,83290635,46,False
1280209106826125313,2020-07-06 18:36:50+00:00,"BREAKING NEWS: The Mortality Rate for the China Virus in the U.S. is just about the LOWEST IN THE WORLD! Also, Deaths in the U.S. are way down, a tenfold decrease since the Pandemic height (and, our Economy is coming back strong!).",False,realDonaldTrump,83290635,46,False
1280205902742781958,2020-07-06 18:24:06+00:00,"Deaths from the China Virus are down 39%, while our great testing program continues to lead the World, by FAR! Why isn‚Äôt the Fake News reporting that Deaths are way down? It is only because they are, indeed, FAKE NEWS!",False,realDonaldTrump,83290635,46,False
1280203174008303616,2020-07-06 18:13:16+00:00,"They name teams out of STRENGTH, not weakness, but now the Washington Redskins &amp; Cleveland Indians, two fabled sports franchises, look like they are going to be changing their names in order to be politically correct. Indians, like Elizabeth Warren, must be very angry right now!",False,realDonaldTrump,83290635,46,False
1280134205696094208,2020-07-06 13:39:13+00:00,NASDAQ HITS ALL TIME HIGH!,False,realDonaldTrump,83290635,46,False
1280132362152693761,2020-07-06 13:31:53+00:00,"‚ÄúThis is no longer about peaceful protesting, this is about angry, violent, criminal mobs taking over certain (Democrat run) cities. It is a lack of political leadership in that city.‚Äù Chad Wolf @DHSgov @foxandfriends @NYGovCuomo @NYCMayor",False,realDonaldTrump,83290635,46,False
1280128809258364928,2020-07-06 13:17:46+00:00,"New York City and Chicago play the Sanctuary City card, where criminals are protected. Perhaps they will have to start changing their ways (and thinking!).",False,realDonaldTrump,83290635,46,False
1280126076719706113,2020-07-06 13:06:54+00:00,"RT @realDonaldTrump: New China Virus Cases up (because of massive testing), deaths are down, ‚Äúlow and steady‚Äù. The Fake News Media should r‚Ä¶",False,realDonaldTrump,83290635,46,False
1280117571874951170,2020-07-06 12:33:07+00:00,"Has @BubbaWallace apologized to all of those great NASCAR drivers &amp; officials who came to his aid, stood by his side, &amp; were willing to sacrifice everything for him, only to find out that the whole thing was just another HOAX? That &amp; Flag decision has caused lowest ratings EVER!",False,realDonaldTrump,83290635,46,False
1280116392990253056,2020-07-06 12:28:26+00:00,China has caused great damage to the United States and the rest of the World!,False,realDonaldTrump,83290635,46,False
1280115980090380288,2020-07-06 12:26:47+00:00,"If you want your 401k‚Äôs  and Stocks, which are getting close to an all time high (NASDAQ is already there), to disintegrate and disappear, vote for the Radical Left Do Nothing Democrats and Corrupt Joe Biden. Massive Tax Hikes - They will make you very poor, FAST!",False,realDonaldTrump,83290635,46,False
1280112728850513922,2020-07-06 12:13:52+00:00,Statue of Frederick Douglass Torn Down in Rochester https://t.co/8iEBxSHm52 via @BreitbartNews. This shows that these anarchists have no bounds!,False,realDonaldTrump,83290635,46,False
1279906540791779334,2020-07-05 22:34:33+00:00,"New China Virus Cases up (because of massive testing), deaths are down, ‚Äúlow and steady‚Äù. The Fake News Media should report this and also, that new job numbers are setting records!",False,realDonaldTrump,83290635,46,False
1279890194653724672,2020-07-05 21:29:36+00:00,Democrats want to Defund &amp; Abolish Police. This despite poor crime numbers in cities that they run. CRAZY!,False,realDonaldTrump,83290635,46,False
1279888307200176131,2020-07-05 21:22:06+00:00,"RT @NickAdamsinUSA: THANK YOU, Mr. President for your support.

You are the greatest President of my lifetime, and writing this book was tr‚Ä¶",False,realDonaldTrump,83290635,46,False
1279887994107891717,2020-07-05 21:20:51+00:00,"Chicago and New York City crime numbers are way up. 67 people shot in Chicago, 13 killed. Shootings up significantly in NYC where people are demanding that @NYGovCuomo &amp; @NYCMayor act now. Federal Government ready, willing and able to help, if asked!",False,realDonaldTrump,83290635,46,False
1279884213055926272,2020-07-05 21:05:50+00:00,.@FoxNews weekend afternoons is the worst! Getting into @CNN and MSDNC territory. Watch @OANN &amp; @newsmax instead. Much better!,False,realDonaldTrump,83290635,46,False
1279879585627279365,2020-07-05 20:47:26+00:00,".@FoxNews gladly puts up the phony suppression polls as soon as they come out. We are leading in the REAL polls because people are sick &amp; tired of watching the Democrat run cities, in all cases, falling apart. Also, now 96% Approval Rating in the Republican Party. Another 2016!",False,realDonaldTrump,83290635,46,False
1279823128810659841,2020-07-05 17:03:06+00:00,"RT @realDonaldTrump: On this wonderful day, we celebrate our history, our heroes, our heritage, our flag, and our FREEDOM. Happy Fourth of‚Ä¶",False,realDonaldTrump,83290635,46,False
1279649292966395904,2020-07-05 05:32:20+00:00,"Wow. @CNN got caught cold manipulating the words and meaning of my 4th of July Speech. They were brazen, desperate. Watch what happens!",False,realDonaldTrump,83290635,46,False
1279623260490039298,2020-07-05 03:48:54+00:00,"On this wonderful day, we celebrate our history, our heroes, our heritage, our flag, and our FREEDOM. Happy Fourth of July to Everyone! #SaluteToAmerica https://t.co/hdPIu30KK1",False,realDonaldTrump,83290635,46,False
1279611869515440129,2020-07-05 03:03:38+00:00,"RT @TeamTrump: Mail-In Ballots will lead to MASSIVE electoral fraud and a RIGGED 2020 Election.

We cannot let it happen! https://t.co/0NqD‚Ä¶",False,realDonaldTrump,83290635,46,False
1279545900138991617,2020-07-04 22:41:30+00:00,RT @WhiteHouse: LIVE: Salute to America! https://t.co/RFcc6Pf0uh,False,realDonaldTrump,83290636,46,False
1279510068606701568,2020-07-04 20:19:07+00:00,Will be speaking at 7:00 P.M. Thank you for all of the nice comments on the Mount Rushmore speech last night!!!,False,realDonaldTrump,83290636,46,False
1279508996295196673,2020-07-04 20:14:51+00:00,Big 4th of July Air Show soon coming down the East Coast. Get ready to look up to the sky. Check local listings!,False,realDonaldTrump,83290636,46,False
1279507107663040513,2020-07-04 20:07:21+00:00,"RT @paulsperry_: According to the PC Coronavirus Police, protesting America is safe, but celebrating America is unsafe #HappyFourthOfJuly",False,realDonaldTrump,83290636,46,False
1279507056601554945,2020-07-04 20:07:09+00:00,"RT @paulsperry_: FUN FACT FOR PATRIOTS: Presidents Thomas Jefferson and John Adams died on the same day -- July 4, 1826 --and within five h‚Ä¶",False,realDonaldTrump,83290636,46,False
1279506263370616833,2020-07-04 20:03:59+00:00,Would lead to disaster! https://t.co/rDB69MKz6f,False,realDonaldTrump,83290636,46,False
1279506043836530693,2020-07-04 20:03:07+00:00,....The Fake News Media is being laughed at all over the world! https://t.co/TRX8XdaKgg,False,realDonaldTrump,83290636,46,False
1279505559092412417,2020-07-04 20:01:12+00:00,"RT @KimStrassel: Finally, Biden asked more precise question about monuments. Responds by saying that it would be ""better"" if local governme‚Ä¶",False,realDonaldTrump,83290636,46,False
1279504269784289281,2020-07-04 19:56:04+00:00,"This would be the beginning of the end. He has no clue, but he wouldn‚Äôt be calling the shots!!! https://t.co/cHnSh3p69N",False,realDonaldTrump,83290636,46,False
1279503442612977665,2020-07-04 19:52:47+00:00,"...And if the Federal Government wasn‚Äôt getting ready to go in, and we were all set, it would still be a squatter‚Äôs (anarchist‚Äôs) mess! https://t.co/DHjxI7DkYu",False,realDonaldTrump,83290636,46,False
1279502286549651458,2020-07-04 19:48:11+00:00,"RT @AndrewCMcCarthy: July 4, Now More Than Ever - our @NRO editorial:¬† https://t.co/ZcorFPl0Fw",False,realDonaldTrump,83290636,46,False
1279501477787074560,2020-07-04 19:44:58+00:00,RT @AndrewCMcCarthy: The Flagrant Distortions and Subtle Lies of the ‚Äò1619 Project‚Äô - timely revival of @RichLowry setting straight the Ame‚Ä¶,False,realDonaldTrump,83290636,46,False
1279501202657546242,2020-07-04 19:43:53+00:00,"RT @AZachParkinson: A record setting jobs report:

‚û°Ô∏è4.5 million jobs - largest gain in history
‚û°Ô∏è2.8 million women's jobs - largest gain i‚Ä¶",False,realDonaldTrump,83290636,46,False
1279500758212280321,2020-07-04 19:42:07+00:00,RT @ggreenwald: Pursuant to the new moral stricture promulgated this week by the NYT &amp; CNN -- that Mount Rushmore is a shameful monument to‚Ä¶,False,realDonaldTrump,83290636,46,False
1279500682366763008,2020-07-04 19:41:49+00:00,RT @MZHemingway: Republicans ought to be extremely happy with how much that speech has left the entire media complex apoplectic with rage a‚Ä¶,False,realDonaldTrump,83290636,46,False
1279500349552963586,2020-07-04 19:40:29+00:00,RT @BryanDeanWright: The NY Times spent three years pushing Russian disinformation targeted against a duly elected American president that‚Ä¶,False,realDonaldTrump,83290635,46,False
1279500298256605184,2020-07-04 19:40:17+00:00,"RT @BryanDeanWright: As patriotic Americans celebrate the nation today, remember what we are up against:

A fascist Democratic Party that w‚Ä¶",False,realDonaldTrump,83290635,46,False
1279499601016426496,2020-07-04 19:37:31+00:00,"RT @SaraCarterDC: .@realDonaldTrump ‚ÄúThis monument will never be desecrated. These heroes will never be defaced! Their legacy will never, e‚Ä¶",False,realDonaldTrump,83290635,46,False
1279487628732256257,2020-07-04 18:49:57+00:00,"....In a certain way, our tremendous Testing success gives the Fake News Media all they want, CASES. In the meantime, Deaths and the all important Mortality Rate goes down. You don‚Äôt hear about that from the Fake News, and you never will. Anybody need any Ventilators???",False,realDonaldTrump,83290635,46,False
1279487627977252864,2020-07-04 18:49:56+00:00,"Cases, Cases, Cases! If we didn‚Äôt test so much and so successfully, we would have very few cases. If you test 40,000,000 people, you are going to have many cases that, without the testing (like other countries), would not show up every night on the Fake Evening News.....",False,realDonaldTrump,83290635,46,False
1279482640693972992,2020-07-04 18:30:07+00:00,RT @narendramodi: I congratulate @POTUS @realDonaldTrump and the people of the USA on the 244th Independence Day of the USA. As the world's‚Ä¶,False,realDonaldTrump,83290635,46,False
1279482515905040385,2020-07-04 18:29:38+00:00,RT @JennPellegrino: God bless America!,False,realDonaldTrump,83290635,46,False
1279481818698391552,2020-07-04 18:26:51+00:00,"RT @alexsalvinews: The Trump campaign releases an ad on what it would be like if the police were defunded:
https://t.co/OG8jEuObYK",False,realDonaldTrump,83290635,46,False
1279481431325061120,2020-07-04 18:25:19+00:00,RT @alexsalvinews: Air Force One flies over Mt. Rushmore ahead of Pres. Trump‚Äôs 4th of July speech: https://t.co/JHWv0zFn7p,False,realDonaldTrump,83290635,46,False
1279481339310493698,2020-07-04 18:24:57+00:00,"RT @GrahamLedger: Happy Fly-over 4th! (And if you don‚Äôt like the guy who‚Äôs in this airplane, then get off my social media). #WhiteHouse #Mt‚Ä¶",False,realDonaldTrump,83290635,46,False
1279478432976510978,2020-07-04 18:13:24+00:00,"RT @Chicago1Ray: (Trump 2024) (Documentary) 

what America will look like after (Trump) is Reelected, imagine if we don't what will collaps‚Ä¶",False,realDonaldTrump,83290635,46,False
1279475529951973382,2020-07-04 18:01:52+00:00,"RT @Hoosiers1986: Isn‚Äôt it nice having a President in @realDonaldTrump who actually loves America?

Happy 4th of July, my friends! üá∫üá∏üôèüá∫üá∏",False,realDonaldTrump,83290635,46,False
1279475489858609152,2020-07-04 18:01:42+00:00,"RT @SierraWhiskee: It's so encouraging to know we have a President who loves America &amp; ALL Her People! 

God Bless @realDonaldTrump &amp; God B‚Ä¶",False,realDonaldTrump,83290635,46,False
1279475438423814150,2020-07-04 18:01:30+00:00,"RT @SierraWhiskee: On this Saturday, the 4th of July 2020, I want to say Thank You to @realDonaldTrump for his strength and love for our Co‚Ä¶",False,realDonaldTrump,83290635,46,False
1279475358610358273,2020-07-04 18:01:11+00:00,RT @Hoosiers1986: I believe that @realDonaldTrump loves the United States of America more than any other President during my lifetime. üôèüá∫üá∏,False,realDonaldTrump,83290635,46,False
1279474506101395456,2020-07-04 17:57:48+00:00,‚ÄúChange Hearts Not Stones. There is no end to historical purification.‚Äù Great historian Doug Wead,False,realDonaldTrump,83290635,46,False
1279469940400107522,2020-07-04 17:39:39+00:00,RT @alexsalvinews: Crowds cheer as tow trucks move the disabled vans blocking the street to Pres. Trump‚Äôs speech at Mt. Rushmore: https://t‚Ä¶,False,realDonaldTrump,83290635,46,False
1279469749567655936,2020-07-04 17:38:54+00:00,Thank you my friend. America loves India! https://t.co/mlvJ51l8XJ,False,realDonaldTrump,83290635,46,False
1279469360277577729,2020-07-04 17:37:21+00:00,Great! https://t.co/cVw4iQmqRU,False,realDonaldTrump,83290635,46,False
1279467315076177921,2020-07-04 17:29:13+00:00,RT @heretosaveday07: The New York Times endangered U.S. troops by reporting that Russia was offering bounties.What will be the price they p‚Ä¶,False,realDonaldTrump,83290635,46,False
1279467151720579072,2020-07-04 17:28:34+00:00,RT @heretosaveday07: The US Supreme Court on Thursday blocked a lower-court ruling that would have allowed residents of Alabama to vote by‚Ä¶,False,realDonaldTrump,83290635,46,False
1279467062214168577,2020-07-04 17:28:13+00:00,RT @heretosaveday07: This is a perfect example of what I‚Äôm talking about ‚Äì how people are waking up and seeing exactly what BLM is really a‚Ä¶,False,realDonaldTrump,83290635,46,False
1279465587891220482,2020-07-04 17:22:22+00:00,RT @Eileen_Ironic: I keep trying to post this pic and it doesnt show up on my feed??? https://t.co/VDDOuF0Pka,False,realDonaldTrump,83290635,46,False
1279465310391873536,2020-07-04 17:21:15+00:00,RT @yogagenie: Cancel Culture: John Wayne‚Äôs son responds to resolution calling for John Wayne Airport to be renamed ~ ~ defends allegations‚Ä¶,False,realDonaldTrump,83290635,46,False
1279464993457668098,2020-07-04 17:20:00+00:00,The @nytimes is a very corrupt and dishonest media outlet that suffers TDS at a level rarely seen. They will lose any remaining credibility on the evening of November 3rd. https://t.co/SuwZAIem2u,False,realDonaldTrump,83290635,46,False
1279459128054894593,2020-07-04 16:56:41+00:00,RT @MazurikL: Make an entrance. Make a run. THEN MAKE HISTORY! Our country needs a true Commander in Chief to navagate the chaos &amp; attempte‚Ä¶,False,realDonaldTrump,83290635,46,False
1279458984752287744,2020-07-04 16:56:07+00:00,"An amazing guy. Burgess is what we need in Washington, tough and smart!!! https://t.co/9ns8tJj1J4",False,realDonaldTrump,83290635,46,False
1279458490310950912,2020-07-04 16:54:09+00:00,"RT @ItoniLl: Trump congratulates Boebert for win in Colorado primary

https://t.co/Ccj160d0KH

President Trump congratulated Lauren Boebert‚Ä¶",False,realDonaldTrump,83290635,46,False
1279458327307657217,2020-07-04 16:53:31+00:00,"RT @ReedMCooper: ""Make no mistake. This left wing cultural revolution is designed to overthrow the American revolution.""

Best President Tr‚Ä¶",False,realDonaldTrump,83290635,46,False
1279458021308084227,2020-07-04 16:52:18+00:00,RT @GenFlynn: My grandson Travis...‚Äúand JUSTICE for ALL‚Äù ‚öñÔ∏è‚ù§Ô∏èüôèüá∫üá∏ https://t.co/IuOGugjOC3,False,realDonaldTrump,83290635,46,False
1279457838256009217,2020-07-04 16:51:34+00:00,"RT @AntonioSabatoJr: I love my country I love our military I love our flag the most amazing place on earth, happy Fourth of July America !!‚Ä¶",False,realDonaldTrump,83290660,46,False
1279457045188612096,2020-07-04 16:48:25+00:00,"Sara, the Silent Majority will speak on NOVEMBER 3rd. You are doing a Great job &amp;, together with some very well known others who got it right on Russia, Russia, Russia, should get a now very discredited Pulitzer Prize. Committee should get them back from those that got it wrong! https://t.co/GIvz5fWVOg",False,realDonaldTrump,83290660,46,False
1279452164310683649,2020-07-04 16:29:01+00:00,"RT @OANN: NYC defunds police, President Trump calls for pushback https://t.co/yka0cRNMMy @ChanelRion #OANN",False,realDonaldTrump,83290660,46,False
1279448145819295747,2020-07-04 16:13:03+00:00,"RT @RichardGrenell: So fewer people died because they took the drug @realDonaldTrump suggested....

Thank you, POTUS for doing the right th‚Ä¶",False,realDonaldTrump,83290660,46,False
1279448072683167746,2020-07-04 16:12:46+00:00,"RT @RichardGrenell: A very real question should be asked by real journalists: 

Did some US media outlets encourage people to NOT take a dr‚Ä¶",False,realDonaldTrump,83290660,46,False
1279446869719089152,2020-07-04 16:07:59+00:00,Thank you Tammy. You have quickly become a great voice for freedom! https://t.co/5JRqWqFFfm,False,realDonaldTrump,83290660,46,False
1279446229496279040,2020-07-04 16:05:26+00:00,RT @trish_regan: ‚ÄúChinese Marxists ‚Äòput themselves into a position of monopolizing truth and how it is sought.‚ÄôThat is terrifyingly similar‚Ä¶,False,realDonaldTrump,83290660,46,False
1279446018984226818,2020-07-04 16:04:36+00:00,"RT @theMRC: Happy Independence Day, from all of us at the Media Research Center! #Happy4thofJuly #HappyIndependenceDay https://t.co/J0AMfg9‚Ä¶",False,realDonaldTrump,83290660,46,False
1279445961811656704,2020-07-04 16:04:22+00:00,"RT @BrentBozell: A @newsbusters post was outrageously labeled false by a USA Today fact check intern. We appealed and their editor agreed,‚Ä¶",False,realDonaldTrump,83290660,46,False
1279445476073508865,2020-07-04 16:02:27+00:00,RT @BrentBozell: Get a copy of UNMASKED. It's a story of a media that set out to destroy a president and his administration but destroyed t‚Ä¶,False,realDonaldTrump,83290660,46,False
1279354659220656129,2020-07-04 10:01:34+00:00,"RT @Franklin_Graham: .@TheHermanCain, a great American, is hospitalized with coronavirus and has requested prayer. He is a colon cancer sur‚Ä¶",False,realDonaldTrump,83290660,46,False
1279290634101075969,2020-07-04 05:47:09+00:00,RT @MELANIAJTRUMP: President Donald Trump and First Lady Melania Trump disembark from Marine One. Melania looks STUNNING in Alexander McQue‚Ä¶,False,realDonaldTrump,83290660,46,False
1279287248299552768,2020-07-04 05:33:42+00:00,RT @ACTforAmerica: INCREDIBLE SIGHT: President @realDonaldTrump &amp; @FLOTUS Melania Trump arrive at Mount Rushmore! #4thofJuly2020 https://t.‚Ä¶,False,realDonaldTrump,83290660,46,False
1279282949175644160,2020-07-04 05:16:37+00:00,Jim Banks: New York Times Damaged National Security to Hurt Trump https://t.co/6jT8bLIFYf via @BreitbartNews Thank you Jim. They are Fake News!,False,realDonaldTrump,83290660,46,False
1279267590305701893,2020-07-04 04:15:35+00:00,"RT @WhiteHouse: We believe in equal opportunity, equal justice, and equal treatment for EVERY American! https://t.co/Z8fH2vmyjR",False,realDonaldTrump,83290660,46,False
1279267576053448710,2020-07-04 04:15:32+00:00,"RT @WhiteHouse: ""No movement that seeks to dismantle these treasured American legacies can possibly have a love of America at its heart."" h‚Ä¶",False,realDonaldTrump,83290636,46,False
1279267549977497600,2020-07-04 04:15:26+00:00,"RT @WhiteHouse: ""Today, we will set history and history's record straight.

Before these figures were immortalized in stone, they were Amer‚Ä¶",False,realDonaldTrump,83290636,46,False
1279267507405283328,2020-07-04 04:15:16+00:00,RT @WhiteHouse: This left-wing cultural revolution will never be allowed to destroy our way of life or take away our freedom. https://t.co/‚Ä¶,False,realDonaldTrump,83290636,46,False
1279267489051017216,2020-07-04 04:15:11+00:00,"RT @WhiteHouse: 244 years ago, 56 patriots gathered in Philadelphia and signed the Declaration of Independence.  

They enshrined a divine‚Ä¶",False,realDonaldTrump,83290636,46,False
1279267466938650631,2020-07-04 04:15:06+00:00,"RT @WhiteHouse: ""We gather tonight to herald the most important day in the history of nations: July 4, 1776."" https://t.co/FuFOWQbPpw",False,realDonaldTrump,83290636,46,False
1279190966394515457,2020-07-03 23:11:07+00:00,"RT @WhiteHouse: TONIGHT‚ÄîPresident @realDonaldTrump and @FLOTUS visit Mount Rushmore and attend the fireworks celebration!

Watch LIVE at 10‚Ä¶",False,realDonaldTrump,83290636,46,False
1279161192167215106,2020-07-03 21:12:48+00:00,Congressman Jeff Van Drew (@VanDrewForNJ) is a Courageous Leader who defended me against Pelosi‚Äôs Impeachment Scam and is a conservative who shares our Republican values. Jeff is a fighter for South Jersey and will always put America First. Vote for Jeff! https://t.co/whoUDnen12,False,realDonaldTrump,83290636,46,False
1279161110336278531,2020-07-03 21:12:29+00:00,"Congressman @DrPaulGosar is a tremendous supporter of our #MAGA agenda! He is Strong on the Wall, Law Enforcement and the Second Amendment, and he always puts America First! Paul has my Complete and Total Endorsement. #AZ04 https://t.co/fzRBYCsB1i",False,realDonaldTrump,83290636,46,False
1279161075926274048,2020-07-03 21:12:20+00:00,"Tony Gonzales (@TonyGonzales4TX) will be a GREAT Congressman for Texas! A Navy veteran, he is Strong on the Economy, Life and the Second Amendment. We need him to defeat the Radical Left in November. Tony has my Complete and Total Endorsement! #TX23 https://t.co/WZcKDEOYn7",False,realDonaldTrump,83290636,46,False
1279160972935135232,2020-07-03 21:11:56+00:00,"...talks big for the worker, but never delivers. Tim Ryan was a failed Presidential candidate and he keeps failing Ohio. Vote for Christina Hagan, who has my Complete and Total Endorsement! #OH13 https://t.co/ToJVHDt8sv",False,realDonaldTrump,83290636,46,False
1279160970959601667,2020-07-03 21:11:55+00:00,"Christina Hagan (@RepHagan) will be an incredible Congresswoman for the working families of Northeast Ohio. An early supporter of our #MAGA agenda, she is Strong on Jobs, Border Security and your Second Amendment. Christina is running against an absolute failure, Tim Ryan, who...",False,realDonaldTrump,83290636,46,False
1279160286117867521,2020-07-03 21:09:12+00:00,....I know Ronny well. He will NEVER let you down. Solid as a rock. Ronny has my Complete and Total Endorsement! #TX13 #MAGA https://t.co/u4z8ZxbeNh,False,realDonaldTrump,83290636,46,False
1279160285132136455,2020-07-03 21:09:12+00:00,".@RonnyJackson4TX is a spectacular man. An Admiral in the Navy, he is a brave and loyal Warrior who loves our Military and Vets. As a medical doctor, Ronny is great on HealthCare and he is Strong on Cutting Taxes, the Border and the Second Amendment...",False,realDonaldTrump,83290636,46,False
1279160140546088962,2020-07-03 21:08:37+00:00,"My friend, @BillHagertyTN, will be a phenomenal Senator for Tennessee! He did an incredible job for our country as Ambassador to Japan. Strong on the Economy, Trade and the Wall, Bill stands Tall for Law &amp; Order. He has my Complete and Total Endorsement! https://t.co/VGeHlAfQV8",False,realDonaldTrump,83290636,46,False
1279159953039724544,2020-07-03 21:07:53+00:00,"Congratulations, @BurgessOwens, on your impressive primary victory! A Super Bowl Champion, Burgess knows how to WIN. Strong on Life, Military, Vets and the #2A, he will always fight for Utah. Burgess has my Complete and Total Endorsement! #UT04 https://t.co/UppUx24FXx",False,realDonaldTrump,83290636,46,False
